<?xml version="1.0" encoding="UTF-8"?>
<!DOCTYPE mapper
	PUBLIC "-//mybatis.org//DTD Mapper 3.0//EN"
	"http://mybatis.org/dtd/mybatis-3-mapper.dtd">

<mapper namespace="com.peisia.mapper.GuestMapper">
	<!-- 글 리스트 -->
	<select id="getList" resultType="com.peisia.domain.BoardVO">
		<!-- select * from star_board -->
		SELECT * from star_board limit #{limitIndex} , 3
	</select>
	<!--글 리스트 전체글 -->
	<select id="getListCount" resultType="com.peisia.domain.BoardVO">
		select count(*) as total
		from star_board;
	</select>

	<!-- 글쓰기 -->
	<insert id="write">
		insert into star_board (s_title, s_content, s_id,
		s_img) values (#{s_title}, #{s_content}, #{s_id}, #{s_img})
	</insert>
	<!-- 게시판 조회 -->
	<select id="getPage" resultType="com.peisia.domain.BoardVO">
		select * from star_board where
		s_num = #{s_num}
	</select>
	<!-- 게시판 수정 -->
	<update id="modify">
		update star_board set s_title = #{s_title}, s_content
		=
		#{s_content},s_img = #{s_img} where s_num = #{s_num}
	</update>
	<!-- 게시판 삭제 -->
	<delete id="del">
		delete from star_board where s_num = #{s_num}
	</delete>


	<!-- 회원 -->
	<!-- 회원가입 -->
	<insert id="join">
		insert into star_user (userE_mail , userName , userID
		, userPassword , userImg) values (#{userE_mail}, #{userName},
		#{userID}, #{userPassword} , #{userImg})
	</insert>

	<!-- 로그인 -->
	<select id="login" resultType="com.peisia.domain.UserVO">
		SELECT * from star_user where
		userE_mail = #{mail}
	</select>
	<!--마이 페이지 글 리스트 -->
	<!-- <select id="loginInfolist" resultType="com.peisia.domain.BoardVO"> 
		select * from star_board where s_id = #{uid} </select> -->


</mapper>